geography_key,ward_grid,district_code,district_name,ward_code,grid_code
0,(none),,Unknown,,
1,C9999,C,Unknown,99,99
2,E2021,E,East,20,21
3,E2022,E,East,20,22
4,E2023,E,East,20,23
5,E2024,E,East,20,24
6,E2025,E,East,20,25
7,E2026,E,East,20,26
8,E2027,E,East,20,27
9,E2028,E,East,20,28
10,E2029,E,East,20,29
11,E2030,E,East,20,30
12,E2031,E,East,20,31
13,E2032,E,East,20,32
14,E2033,E,East,20,33
15,E2034,E,East,20,34
16,E2035,E,East,20,35
17,E2036,E,East,20,36
18,E2037,E,East,20,37
19,E2087,E,East,20,87
20,E2121,E,East,21,21
21,E2122,E,East,21,22
22,E2123,E,East,21,23
23,E2124,E,East,21,24
24,E2125,E,East,21,25
25,E2126,E,East,21,26
26,E2127,E,East,21,27
27,E2128,E,East,21,28
28,E2129,E,East,21,29
29,E2130,E,East,21,30
30,E2131,E,East,21,31
31,E2132,E,East,21,32
32,E2133,E,East,21,33
33,E2134,E,East,21,34
34,E2135,E,East,21,35
35,E2136,E,East,21,36
36,E2183,E,East,21,83
37,E2186,E,East,21,86
38,E2221,E,East,22,21
39,E2222,E,East,22,22
40,E2223,E,East,22,23
41,E2224,E,East,22,24
42,E2225,E,East,22,25
43,E2226,E,East,22,26
44,E2227,E,East,22,27
45,E2228,E,East,22,28
46,E2229,E,East,22,29
47,E2230,E,East,22,30
48,E2231,E,East,22,31
49,E2232,E,East,22,32
50,E2233,E,East,22,33
51,E2287,E,East,22,87
52,E2321,E,East,23,21
53,E2322,E,East,23,22
54,E2323,E,East,23,23
55,E2324,E,East,23,24
56,E2325,E,East,23,25
57,E2326,E,East,23,26
58,E2327,E,East,23,27
59,E2328,E,East,23,28
60,E2329,E,East,23,29
61,E2330,E,East,23,30
62,E2331,E,East,23,31
63,E2332,E,East,23,32
64,E2333,E,East,23,33
65,E2421,E,East,24,21
66,E2422,E,East,24,22
67,E2423,E,East,24,23
68,E2424,E,East,24,24
69,E2425,E,East,24,25
70,E2426,E,East,24,26
71,E2427,E,East,24,27
72,E2428,E,East,24,28
73,E2429,E,East,24,29
74,E2430,E,East,24,30
75,E2431,E,East,24,31
76,E2432,E,East,24,32
77,E2433,E,East,24,33
78,E2434,E,East,24,34
79,E2435,E,East,24,35
80,E2521,E,East,25,21
81,E2522,E,East,25,22
82,E2523,E,East,25,23
83,E2524,E,East,25,24
84,E2525,E,East,25,25
85,E2526,E,East,25,26
86,E2527,E,East,25,27
87,E2528,E,East,25,28
88,E2529,E,East,25,29
89,E2530,E,East,25,30
90,E2531,E,East,25,31
91,E2532,E,East,25,32
92,E2533,E,East,25,33
93,E2534,E,East,25,34
94,E2535,E,East,25,35
95,E2536,E,East,25,36
96,E2537,E,East,25,37
97,E2538,E,East,25,38
98,E2539,E,East,25,39
99,E2540,E,East,25,40
100,E3584,E,East,35,84
101,E3684,E,East,36,84
102,E3784,E,East,37,84
103,E4184,E,East,41,84
104,E4202,E,East,42,02
105,E4284,E,East,42,84
106,E4384,E,East,43,84
107,E4484,E,East,44,84
108,E8401,E,East,84,01
109,E8501,E,East,85,01
110,N0621,N,North,06,21
111,N0622,N,North,06,22
112,N0623,N,North,06,23
113,N0624,N,North,06,24
114,N0625,N,North,06,25
115,N0626,N,North,06,26
116,N0627,N,North,06,27
117,N0628,N,North,06,28
118,N0629,N,North,06,29
119,N0630,N,North,06,30
120,N0631,N,North,06,31
121,N0632,N,North,06,32
122,N0633,N,North,06,33
123,N0681,N,North,06,81
124,N0821,N,North,08,21
125,N0822,N,North,08,22
126,N0823,N,North,08,23
127,N0824,N,North,08,24
128,N0825,N,North,08,25
129,N0826,N,North,08,26
130,N0827,N,North,08,27
131,N0828,N,North,08,28
132,N0829,N,North,08,29
133,N0830,N,North,08,30
134,N0831,N,North,08,31
135,N0832,N,North,08,32
136,N0833,N,North,08,33
137,N0901,N,North,09,01
138,N1521,N,North,15,21
139,N1522,N,North,15,22
140,N1523,N,North,15,23
141,N1524,N,North,15,24
142,N1525,N,North,15,25
143,N1526,N,North,15,26
144,N1527,N,North,15,27
145,N1528,N,North,15,28
146,N1529,N,North,15,29
147,N1530,N,North,15,30
148,N1531,N,North,15,31
149,N1532,N,North,15,32
150,N1533,N,North,15,33
151,N1534,N,North,15,34
152,N1535,N,North,15,35
153,N1536,N,North,15,36
154,N1537,N,North,15,37
155,N1583,N,North,15,83
156,N1621,N,North,16,21
157,N1622,N,North,16,22
158,N1623,N,North,16,23
159,N1624,N,North,16,24
160,N1625,N,North,16,25
161,N1626,N,North,16,26
162,N1627,N,North,16,27
163,N1628,N,North,16,28
164,N1629,N,North,16,29
165,N1630,N,North,16,30
166,N1631,N,North,16,31
167,N1683,N,North,16,83
168,N1686,N,North,16,86
169,N1721,N,North,17,21
170,N1722,N,North,17,22
171,N1723,N,North,17,23
172,N1724,N,North,17,24
173,N1725,N,North,17,25
174,N1726,N,North,17,26
175,N1727,N,North,17,27
176,N1728,N,North,17,28
177,N1729,N,North,17,29
178,N1730,N,North,17,30
179,N1731,N,North,17,31
180,N1821,N,North,18,21
181,N1822,N,North,18,22
182,N1823,N,North,18,23
183,N1824,N,North,18,24
184,N1825,N,North,18,25
185,N1826,N,North,18,26
186,N1827,N,North,18,27
187,N1828,N,North,18,28
188,N2683,N,North,26,83
189,N3483,N,North,34,83
190,N8301,N,North,83,01
191,S0421,S,South,04,21
192,S0422,S,South,04,22
193,S0423,S,South,04,23
194,S0424,S,South,04,24
195,S0425,S,South,04,25
196,S0426,S,South,04,26
197,S0427,S,South,04,27
198,S0428,S,South,04,28
199,S0429,S,South,04,29
200,S0430,S,South,04,30
201,S0431,S,South,04,31
202,S0432,S,South,04,32
203,S0433,S,South,04,33
204,S0434,S,South,04,34
205,S0435,S,South,04,35
206,S0436,S,South,04,36
207,S0437,S,South,04,37
208,S0921,S,South,09,21
209,S0922,S,South,09,22
210,S0923,S,South,09,23
211,S0924,S,South,09,24
212,S0925,S,South,09,25
213,S0926,S,South,09,26
214,S0927,S,South,09,27
215,S0928,S,South,09,28
216,S0929,S,South,09,29
217,S0930,S,South,09,30
218,S0931,S,South,09,31
219,S0932,S,South,09,32
220,S0933,S,South,09,33
221,S0934,S,South,09,34
222,S0935,S,South,09,35
223,S0936,S,South,09,36
224,S0937,S,South,09,37
225,S0938,S,South,09,38
226,S0983,S,South,09,83
227,S1021,S,South,10,21
228,S1022,S,South,10,22
229,S1023,S,South,10,23
230,S1024,S,South,10,24
231,S1025,S,South,10,25
232,S1026,S,South,10,26
233,S1027,S,South,10,27
234,S1028,S,South,10,28
235,S1029,S,South,10,29
236,S1030,S,South,10,30
237,S1031,S,South,10,31
238,S1032,S,South,10,32
239,S1033,S,South,10,33
240,S1034,S,South,10,34
241,S1035,S,South,10,35
242,S1036,S,South,10,36
243,S1037,S,South,10,37
244,S1038,S,South,10,38
245,S1039,S,South,10,39
246,S1040,S,South,10,40
247,S1043,S,South,10,43
248,S1121,S,South,11,21
249,S1122,S,South,11,22
250,S1123,S,South,11,23
251,S1124,S,South,11,24
252,S1125,S,South,11,25
253,S1126,S,South,11,26
254,S1127,S,South,11,27
255,S1128,S,South,11,28
256,S1129,S,South,11,29
257,S1130,S,South,11,30
258,S1131,S,South,11,31
259,S1132,S,South,11,32
260,S1133,S,South,11,33
261,S1134,S,South,11,34
262,S1135,S,South,11,35
263,S1136,S,South,11,36
264,S1137,S,South,11,37
265,S1138,S,South,11,38
266,S1139,S,South,11,39
267,S1140,S,South,11,40
268,S1141,S,South,11,41
269,S1142,S,South,11,42
270,S1143,S,South,11,43
271,S1144,S,South,11,44
272,S1145,S,South,11,45
273,S1182,S,South,11,82
274,S1183,S,South,11,83
275,S1221,S,South,12,21
276,S1222,S,South,12,22
277,S1223,S,South,12,23
278,S1224,S,South,12,24
279,S1225,S,South,12,25
280,S1226,S,South,12,26
281,S1227,S,South,12,27
282,S1228,S,South,12,28
283,S1229,S,South,12,29
284,S1230,S,South,12,30
285,S1231,S,South,12,31
286,S1232,S,South,12,32
287,S1233,S,South,12,33
288,S1234,S,South,12,34
289,S1235,S,South,12,35
290,S1236,S,South,12,36
291,S1237,S,South,12,37
292,S1238,S,South,12,38
293,S1282,S,South,12,82
294,S1321,S,South,13,21
295,S1322,S,South,13,22
296,S1323,S,South,13,23
297,S1324,S,South,13,24
298,S1325,S,South,13,25
299,S1326,S,South,13,26
300,S1327,S,South,13,27
301,S1328,S,South,13,28
302,S1329,S,South,13,29
303,S1330,S,South,13,30
304,S1331,S,South,13,31
305,S1332,S,South,13,32
306,S1333,S,South,13,33
307,S1334,S,South,13,34
308,S1335,S,South,13,35
309,S1336,S,South,13,36
310,S1337,S,South,13,37
311,S1338,S,South,13,38
312,S1339,S,South,13,39
313,S1421,S,South,14,21
314,S1422,S,South,14,22
315,S1423,S,South,14,23
316,S1424,S,South,14,24
317,S1425,S,South,14,25
318,S1426,S,South,14,26
319,S1427,S,South,14,27
320,S1428,S,South,14,28
321,S1429,S,South,14,29
322,S1430,S,South,14,30
323,S1431,S,South,14,31
324,S1432,S,South,14,32
325,S1433,S,South,14,33
326,S1434,S,South,14,34
327,S1435,S,South,14,35
328,S1436,S,South,14,36
329,S1437,S,South,14,37
330,S1438,S,South,14,38
331,S1439,S,South,14,39
332,S1440,S,South,14,40
333,S1441,S,South,14,41
334,S1442,S,South,14,42
335,S1443,S,South,14,43
336,S1486,S,South,14,86
337,S1901,S,South,19,01
338,S1902,S,South,19,02
339,S1921,S,South,19,21
340,S1922,S,South,19,22
341,S1923,S,South,19,23
342,S1924,S,South,19,24
343,S1925,S,South,19,25
344,S1926,S,South,19,26
345,S1927,S,South,19,27
346,S1928,S,South,19,28
347,S1929,S,South,19,29
348,S1930,S,South,19,30
349,S1931,S,South,19,31
350,S1932,S,South,19,32
351,S1933,S,South,19,33
352,S1934,S,South,19,34
353,S1935,S,South,19,35
354,S1936,S,South,19,36
355,S1937,S,South,19,37
356,S1938,S,South,19,38
357,S1939,S,South,19,39
358,S1940,S,South,19,40
359,S1941,S,South,19,41
360,S1942,S,South,19,42
361,S1943,S,South,19,43
362,S1986,S,South,19,86
363,S2211,S,South,22,11
364,S2707,S,South,27,07
365,S2708,S,South,27,08
366,S2709,S,South,27,09
367,S2713,S,South,27,13
368,S2786,S,South,27,86
369,S2806,S,South,28,06
370,S2809,S,South,28,09
371,S2813,S,South,28,13
372,S2886,S,South,28,86
373,S8601,S,South,86,01
374,S9401,S,South,94,01
375,W0121,W,West,01,21
376,W0122,W,West,01,22
377,W0123,W,West,01,23
378,W0124,W,West,01,24
379,W0125,W,West,01,25
380,W0126,W,West,01,26
381,W0127,W,West,01,27
382,W0128,W,West,01,28
383,W0129,W,West,01,29
384,W0130,W,West,01,30
385,W0131,W,West,01,31
386,W0132,W,West,01,32
387,W0133,W,West,01,33
388,W0134,W,West,01,34
389,W0135,W,West,01,35
390,W0136,W,West,01,36
391,W0137,W,West,01,37
392,W0181,W,West,01,81
393,W0221,W,West,02,21
394,W0222,W,West,02,22
395,W0223,W,West,02,23
396,W0224,W,West,02,24
397,W0225,W,West,02,25
398,W0226,W,West,02,26
399,W0227,W,West,02,27
400,W0228,W,West,02,28
401,W0229,W,West,02,29
402,W0230,W,West,02,30
403,W0231,W,West,02,31
404,W0232,W,West,02,32
405,W0233,W,West,02,33
406,W0234,W,West,02,34
407,W0281,W,West,02,81
408,W0321,W,West,03,21
409,W0322,W,West,03,22
410,W0323,W,West,03,23
411,W0324,W,West,03,24
412,W0325,W,West,03,25
413,W0326,W,West,03,26
414,W0327,W,West,03,27
415,W0328,W,West,03,28
416,W0329,W,West,03,29
417,W0330,W,West,03,30
418,W0331,W,West,03,31
419,W0332,W,West,03,32
420,W0333,W,West,03,33
421,W0334,W,West,03,34
422,W0335,W,West,03,35
423,W0336,W,West,03,36
424,W0337,W,West,03,37
425,W0381,W,West,03,81
426,W0521,W,West,05,21
427,W0522,W,West,05,22
428,W0523,W,West,05,23
429,W0524,W,West,05,24
430,W0525,W,West,05,25
431,W0526,W,West,05,26
432,W0527,W,West,05,27
433,W0528,W,West,05,28
434,W0529,W,West,05,29
435,W0530,W,West,05,30
436,W0531,W,West,05,31
437,W0532,W,West,05,32
438,W0533,W,West,05,33
439,W0534,W,West,05,34
440,W0535,W,West,05,35
441,W0536,W,West,05,36
442,W0537,W,West,05,37
443,W0538,W,West,05,38
444,W0539,W,West,05,39
445,W0540,W,West,05,40
446,W0581,W,West,05,81
447,W0721,W,West,07,21
448,W0722,W,West,07,22
449,W0723,W,West,07,23
450,W0724,W,West,07,24
451,W0725,W,West,07,25
452,W0726,W,West,07,26
453,W0727,W,West,07,27
454,W0728,W,West,07,28
455,W0729,W,West,07,29
456,W0730,W,West,07,30
457,W0731,W,West,07,31
458,W0732,W,West,07,32
459,W0733,W,West,07,33
460,W0734,W,West,07,34
461,W0783,W,West,07,83
462,W8101,W,West,81,01
463,W8201,W,West,82,01
